{
    "FuXin_fg_btn1": {
        "path": "marquee_tool\\FuXin_runtime\\template\\FuXin_fg_btn1.png",
        "confidence": 1,
        "contour": [
            482.36595213625014,
            441.8539461566181,
            183.79359592103697,
            67.27085863776517
        ]
    },
    "FuXin_fg_btn2": {
        "path": "marquee_tool\\FuXin_runtime\\template\\FuXin_fg_btn2.png",
        "confidence": 1,
        "contour": [
            919.6265332817234,
            493.5083554677592,
            165.7746159287783,
            55.25820530959277
        ]
    }
}